"gci_groupid","ri_id","gci_first_starttime","gci_last_endtime","gci_gogo_total_balance","gci_total_balance","gci_total_time","gci_insu_call_id","gci_ins_time","gci_upd_time","sales_date","si_cmp_code"
GR20251030-33697-0001,33697,2025-10-30 06:00:00.000,2025-10-31 06:00:00.000,7500.0,7300,1440,,2025-10-30 09:30:03.517,2025-10-30 09:30:03.517,2025-10-30,G05
GR20251030-32709-0001,32709,2025-10-30 06:00:00.000,2025-10-31 06:00:00.000,7500.0,7300,1440,,2025-10-30 09:30:02.733,2025-10-30 09:30:02.733,2025-10-30,G05
GR20251030-30157-0001,30157,2025-10-30 10:10:07.000,2025-10-30 10:53:31.000,1034.0,932,44,,2025-10-30 10:22:19.272,2025-10-30 10:53:30.421,2025-10-30,G03
GR20251030-33855-0001,33855,2025-10-30 10:25:28.000,2025-10-30 10:40:17.000,353.0,316,15,,2025-10-30 10:33:02.387,2025-10-30 10:40:17.203,2025-10-30,G03
GR20251030-33160-0001,33160,2025-10-30 10:31:20.000,2025-10-30 10:42:09.000,259.0,232,11,,2025-10-30 10:42:10.531,2025-10-30 10:42:10.531,2025-10-30,G03
GR20251030-33022-0001,33022,2025-10-30 10:34:04.000,2025-10-30 10:39:16.000,141.0,126,6,,2025-10-30 10:39:17.002,2025-10-30 10:39:17.002,2025-10-30,G03
GR20251030-32802-0001,32802,2025-10-30 10:40:58.000,2025-10-30 10:48:21.000,188.0,167,8,,2025-10-30 10:48:21.735,2025-10-30 10:48:21.735,2025-10-30,G03
GR20251030-27644-0001,27644,2025-10-30 10:48:57.000,2025-10-30 10:58:28.000,235.0,211,10,,2025-10-30 10:58:28.849,2025-10-30 10:58:28.849,2025-10-30,G03
GR20251030-33160-0002,33160,2025-10-30 10:51:10.000,2025-10-30 10:57:02.000,141.0,126,6,,2025-10-30 10:57:01.810,2025-10-30 10:57:01.810,2025-10-30,G03
GR20251030-33022-0002,33022,2025-10-30 10:55:28.000,2025-10-30 11:02:20.000,165.0,147,7,,2025-10-30 11:02:20.342,2025-10-30 11:02:20.342,2025-10-30,G03
GR20251030-30157-0002,30157,2025-10-30 10:56:22.000,2025-10-30 11:00:37.000,118.0,104,5,,2025-10-30 11:00:37.811,2025-10-30 11:00:37.811,2025-10-30,G03
GR20251030-32802-0002,32802,2025-10-30 11:00:08.000,2025-10-30 11:12:11.000,306.0,274,13,,2025-10-30 11:12:11.160,2025-10-30 11:12:11.160,2025-10-30,G03
GR20251030-33855-0002,33855,2025-10-30 11:00:59.000,2025-10-30 11:10:29.000,235.0,211,10,,2025-10-30 11:10:30.771,2025-10-30 11:10:30.771,2025-10-30,G03
GR20251030-33160-0003,33160,2025-10-30 11:01:23.000,2025-10-30 11:19:43.000,447.0,402,19,,2025-10-30 11:13:50.887,2025-10-30 11:19:42.979,2025-10-30,G03
GR20251030-33022-0003,33022,2025-10-30 11:05:21.000,2025-10-30 11:11:50.000,165.0,147,7,,2025-10-30 11:11:51.539,2025-10-30 11:11:51.539,2025-10-30,G03
GR20251030-27644-0002,27644,2025-10-30 11:11:02.000,2025-10-30 11:17:37.000,165.0,147,7,,2025-10-30 11:17:37.395,2025-10-30 11:17:37.395,2025-10-30,G03
GR20251030-33022-0004,33022,2025-10-30 11:14:18.000,2025-10-30 11:17:53.000,94.0,83,4,,2025-10-30 11:17:54.197,2025-10-30 11:17:54.197,2025-10-30,G03
GR20251030-30157-0003,30157,2025-10-30 11:14:39.000,2025-10-30 11:36:56.000,541.0,486,23,,2025-10-30 11:36:57.369,2025-10-30 11:36:57.369,2025-10-30,G03
GR20251030-33855-0003,33855,2025-10-30 11:16:09.000,2025-10-30 11:34:26.000,447.0,402,19,,2025-10-30 11:29:51.263,2025-10-30 11:34:27.525,2025-10-30,G03
GR20251030-30431-0001,30431,2025-10-30 11:20:37.000,2025-10-30 11:35:25.000,353.0,316,15,,2025-10-30 11:30:58.454,2025-10-30 11:35:24.728,2025-10-30,G03
GR20251030-27644-0003,27644,2025-10-30 11:20:41.000,2025-10-30 11:44:56.000,588.0,529,25,,2025-10-30 11:29:46.553,2025-10-30 11:44:55.819,2025-10-30,G03
GR20251030-33022-0005,33022,2025-10-30 11:21:36.000,2025-10-30 11:25:37.000,118.0,104,5,,2025-10-30 11:25:38.281,2025-10-30 11:25:38.281,2025-10-30,G03
GR20251030-33160-0004,33160,2025-10-30 11:24:10.000,2025-10-30 11:40:10.000,376.0,337,16,,2025-10-30 11:40:11.998,2025-10-30 11:40:11.998,2025-10-30,G03
GR20251030-29473-0001,29473,2025-10-30 11:31:13.000,2025-10-30 11:42:31.000,282.0,253,12,,2025-10-30 11:42:32.908,2025-10-30 11:42:32.908,2025-10-30,G03
GR20251030-30431-0002,30431,2025-10-30 11:38:10.000,2025-10-30 11:53:10.000,353.0,316,15,,2025-10-30 11:45:43.463,2025-10-30 11:53:11.177,2025-10-30,G03
GR20251030-30157-0004,30157,2025-10-30 11:41:38.000,2025-10-30 11:46:52.000,141.0,126,6,,2025-10-30 11:46:52.745,2025-10-30 11:46:52.745,2025-10-30,G03
GR20251030-27644-0004,27644,2025-10-30 11:47:41.000,2025-10-30 11:59:42.000,306.0,274,13,,2025-10-30 11:59:43.246,2025-10-30 11:59:43.246,2025-10-30,G03
GR20251030-30865-0001,30865,2025-10-30 11:48:55.000,2025-10-30 12:02:27.000,329.0,328,14,,2025-10-30 12:02:27.109,2025-10-30 12:02:27.109,2025-10-30,G01
GR20251030-33022-0006,33022,2025-10-30 11:49:26.000,2025-10-30 11:57:42.000,212.0,190,9,,2025-10-30 11:57:43.934,2025-10-30 11:57:43.934,2025-10-30,G03
GR20251030-29473-0002,29473,2025-10-30 11:50:09.000,2025-10-30 12:04:31.000,353.0,316,15,,2025-10-30 12:04:33.201,2025-10-30 12:04:33.201,2025-10-30,G03
GR20251030-30431-0003,30431,2025-10-30 11:55:13.000,2025-10-30 12:08:26.000,329.0,296,14,,2025-10-30 12:08:26.711,2025-10-30 12:08:26.711,2025-10-30,G03
GR20251030-33022-0007,33022,2025-10-30 12:00:12.000,2025-10-30 12:12:25.000,306.0,274,13,,2025-10-30 12:05:11.651,2025-10-30 12:12:24.462,2025-10-30,G03
GR20251030-27644-0005,27644,2025-10-30 12:04:41.000,2025-10-30 12:15:05.000,259.0,232,11,,2025-10-30 12:15:06.281,2025-10-30 12:15:06.281,2025-10-30,G03
GR20251030-29473-0003,29473,2025-10-30 12:06:14.000,2025-10-30 12:15:55.000,235.0,211,10,,2025-10-30 12:15:55.796,2025-10-30 12:15:55.796,2025-10-30,G03
GR20251030-32802-0003,32802,2025-10-30 12:07:37.000,2025-10-30 12:15:38.000,212.0,190,9,,2025-10-30 12:15:39.054,2025-10-30 12:15:39.054,2025-10-30,G03
GR20251030-33855-0004,33855,2025-10-30 12:12:36.000,2025-10-30 12:28:04.000,376.0,337,16,,2025-10-30 12:28:05.533,2025-10-30 12:28:05.533,2025-10-30,G03
GR20251030-30431-0004,30431,2025-10-30 12:16:24.000,2025-10-30 12:23:48.000,188.0,167,8,,2025-10-30 12:23:49.821,2025-10-30 12:23:49.821,2025-10-30,G03
GR20251030-29473-0004,29473,2025-10-30 12:20:51.000,2025-10-30 12:32:12.000,282.0,253,12,,2025-10-30 12:32:11.676,2025-10-30 12:32:11.676,2025-10-30,G03
GR20251030-30157-0005,30157,2025-10-30 12:26:17.000,2025-10-30 12:34:49.000,212.0,190,9,,2025-10-30 12:34:48.922,2025-10-30 12:34:48.922,2025-10-30,G03
GR20251030-33022-0008,33022,2025-10-30 12:26:37.000,2025-10-30 12:26:42.000,24.0,20,1,,2025-10-30 12:26:42.635,2025-10-30 12:26:42.635,2025-10-30,G03
GR20251030-30865-0002,30865,2025-10-30 12:28:16.000,2025-10-30 12:41:35.000,329.0,328,14,,2025-10-30 12:41:37.065,2025-10-30 12:41:37.065,2025-10-30,G01
GR20251030-27644-0006,27644,2025-10-30 12:32:39.000,2025-10-30 12:37:36.000,118.0,104,5,,2025-10-30 12:37:36.225,2025-10-30 12:37:36.225,2025-10-30,G03
GR20251030-33022-0009,33022,2025-10-30 12:39:16.000,2025-10-30 12:47:23.000,212.0,190,9,,2025-10-30 12:47:22.663,2025-10-30 12:47:22.663,2025-10-30,G03
GR20251030-30157-0006,30157,2025-10-30 12:40:13.000,2025-10-30 12:51:05.000,259.0,232,11,,2025-10-30 12:49:14.674,2025-10-30 12:51:05.222,2025-10-30,G03
GR20251030-33855-0005,33855,2025-10-30 12:45:08.000,2025-10-30 13:00:35.000,376.0,337,16,,2025-10-30 12:53:25.072,2025-10-30 13:00:35.988,2025-10-30,G03
GR20251030-30431-0005,30431,2025-10-30 12:48:04.000,2025-10-30 13:20:24.000,776.0,698,33,,2025-10-30 12:54:36.204,2025-10-30 13:20:24.749,2025-10-30,G03
GR20251030-32151-0001,32151,2025-10-30 12:53:07.000,2025-10-30 13:07:27.000,353.0,316,15,,2025-10-30 13:07:28.228,2025-10-30 13:07:28.228,2025-10-30,G03
GR20251030-33855-0006,33855,2025-10-30 13:01:20.000,2025-10-30 13:07:27.000,165.0,147,7,,2025-10-30 13:07:28.943,2025-10-30 13:07:28.943,2025-10-30,G03
GR20251030-29473-0005,29473,2025-10-30 13:02:02.000,2025-10-30 13:08:01.000,141.0,126,6,,2025-10-30 13:08:01.884,2025-10-30 13:08:01.884,2025-10-30,G03
GR20251030-30157-0007,30157,2025-10-30 13:03:50.000,2025-10-30 13:09:05.000,141.0,126,6,,2025-10-30 13:09:05.443,2025-10-30 13:09:05.443,2025-10-30,G03
GR20251030-27644-0007,27644,2025-10-30 13:06:11.000,2025-10-30 13:15:56.000,235.0,211,10,,2025-10-30 13:15:56.457,2025-10-30 13:15:56.457,2025-10-30,G03
GR20251030-30157-0008,30157,2025-10-30 13:09:47.000,2025-10-30 13:15:39.000,141.0,126,6,,2025-10-30 13:15:39.657,2025-10-30 13:15:39.657,2025-10-30,G03
GR20251030-29473-0006,29473,2025-10-30 13:11:45.000,2025-10-30 13:24:06.000,306.0,274,13,,2025-10-30 13:24:05.851,2025-10-30 13:24:05.851,2025-10-30,G03
GR20251030-32151-0002,32151,2025-10-30 13:14:32.000,2025-10-30 13:22:14.000,188.0,167,8,,2025-10-30 13:22:14.620,2025-10-30 13:22:14.620,2025-10-30,G03
GR20251030-33855-0007,33855,2025-10-30 13:19:12.000,2025-10-30 13:32:22.000,329.0,296,14,,2025-10-30 13:32:23.150,2025-10-30 13:32:23.150,2025-10-30,G03
GR20251030-30157-0009,30157,2025-10-30 13:19:40.000,2025-10-30 13:48:39.000,682.0,614,29,,2025-10-30 13:48:40.693,2025-10-30 13:48:40.693,2025-10-30,G03
GR20251030-27644-0008,27644,2025-10-30 13:31:35.000,2025-10-30 13:38:11.000,165.0,147,7,,2025-10-30 13:38:12.003,2025-10-30 13:38:12.003,2025-10-30,G03
GR20251030-27644-0009,27644,2025-10-30 13:41:21.000,2025-10-30 13:51:04.000,235.0,211,10,,2025-10-30 13:51:04.620,2025-10-30 13:51:04.620,2025-10-30,G03
GR20251030-30431-0006,30431,2025-10-30 13:46:59.000,2025-10-30 13:53:51.000,165.0,147,7,,2025-10-30 13:49:03.460,2025-10-30 13:53:51.103,2025-10-30,G03
GR20251030-29473-0007,29473,2025-10-30 13:54:55.000,2025-10-30 14:06:19.000,282.0,253,12,,2025-10-30 14:06:21.300,2025-10-30 14:06:21.300,2025-10-30,G03
GR20251030-27644-0010,27644,2025-10-30 13:55:33.000,2025-10-30 14:03:47.000,212.0,190,9,,2025-10-30 14:03:48.067,2025-10-30 14:03:48.067,2025-10-30,G03
GR20251030-30431-0007,30431,2025-10-30 14:01:17.000,2025-10-30 14:16:17.000,353.0,316,15,,2025-10-30 14:16:18.269,2025-10-30 14:16:18.269,2025-10-30,G03
GR20251030-26159-0001,26159,2025-10-30 14:06:43.000,2025-10-30 14:10:15.000,94.0,83,4,,2025-10-30 14:10:16.361,2025-10-30 14:10:16.361,2025-10-30,G03
GR20251030-27644-0011,27644,2025-10-30 14:09:41.000,2025-10-30 14:17:03.000,188.0,167,8,,2025-10-30 14:17:03.100,2025-10-30 14:17:03.100,2025-10-30,G03
GR20251030-27644-0012,27644,2025-10-30 14:17:40.000,2025-10-30 14:40:12.000,541.0,486,23,,2025-10-30 14:26:07.142,2025-10-30 14:40:11.382,2025-10-30,G03
GR20251030-30157-0010,30157,2025-10-30 14:30:09.000,2025-10-30 14:35:30.000,141.0,126,6,,2025-10-30 14:35:31.979,2025-10-30 14:35:31.979,2025-10-30,G03
GR20251030-30431-0008,30431,2025-10-30 14:36:08.000,2025-10-30 14:44:18.000,212.0,190,9,,2025-10-30 14:39:43.623,2025-10-30 14:44:18.792,2025-10-30,G03
GR20251030-30157-0011,30157,2025-10-30 14:39:46.000,2025-10-30 14:56:17.000,400.0,359,17,,2025-10-30 14:43:36.718,2025-10-30 14:56:18.060,2025-10-30,G03
GR20251030-27644-0013,27644,2025-10-30 14:43:47.000,2025-10-30 14:50:34.000,165.0,147,7,,2025-10-30 14:50:34.756,2025-10-30 14:50:34.756,2025-10-30,G03
GR20251030-29473-0008,29473,2025-10-30 14:48:22.000,2025-10-30 15:02:53.000,353.0,316,15,,2025-10-30 15:02:53.862,2025-10-30 15:02:53.862,2025-10-30,G03
GR20251030-27644-0014,27644,2025-10-30 14:55:11.000,2025-10-30 15:03:08.000,188.0,167,8,,2025-10-30 15:03:08.699,2025-10-30 15:03:08.699,2025-10-30,G03
GR20251030-30157-0012,30157,2025-10-30 14:57:32.000,2025-10-30 15:08:40.000,282.0,253,12,,2025-10-30 15:08:41.476,2025-10-30 15:08:41.476,2025-10-30,G03
GR20251030-30431-0009,30431,2025-10-30 15:03:35.000,2025-10-30 15:11:53.000,212.0,190,9,,2025-10-30 15:11:55.161,2025-10-30 15:11:55.161,2025-10-30,G03
GR20251030-29473-0009,29473,2025-10-30 15:03:56.000,2025-10-30 15:14:05.000,259.0,232,11,,2025-10-30 15:14:06.643,2025-10-30 15:14:06.643,2025-10-30,G03
GR20251030-26159-0002,26159,2025-10-30 15:06:43.000,2025-10-30 15:12:18.000,141.0,126,6,,2025-10-30 15:12:20.000,2025-10-30 15:12:20.000,2025-10-30,G03
GR20251030-30431-0010,30431,2025-10-30 15:13:36.000,2025-10-30 15:25:59.000,306.0,274,13,,2025-10-30 15:26:00.906,2025-10-30 15:26:00.906,2025-10-30,G03
GR20251030-30157-0013,30157,2025-10-30 15:15:55.000,2025-10-30 15:24:12.000,212.0,190,9,,2025-10-30 15:24:12.301,2025-10-30 15:24:12.301,2025-10-30,G03
GR20251030-27644-0015,27644,2025-10-30 15:16:17.000,2025-10-30 15:22:45.000,165.0,147,7,,2025-10-30 15:22:46.995,2025-10-30 15:22:46.995,2025-10-30,G03
GR20251030-30157-0014,30157,2025-10-30 15:24:13.000,2025-10-30 15:42:05.000,423.0,381,18,,2025-10-30 15:38:56.540,2025-10-30 15:42:05.586,2025-10-30,G03
GR20251030-33855-0008,33855,2025-10-30 15:26:37.000,2025-10-30 16:04:07.000,893.0,805,38,,2025-10-30 15:37:23.689,2025-10-30 16:04:06.563,2025-10-30,G03
GR20251030-27644-0016,27644,2025-10-30 15:38:38.000,2025-10-30 15:44:20.000,141.0,126,6,,2025-10-30 15:44:21.032,2025-10-30 15:44:21.032,2025-10-30,G03
GR20251030-30431-0011,30431,2025-10-30 16:05:49.000,2025-10-30 16:20:47.000,353.0,316,15,,2025-10-30 16:12:19.582,2025-10-30 16:20:47.432,2025-10-30,G03
GR20251030-33855-0009,33855,2025-10-30 16:15:39.000,2025-10-30 16:33:16.000,423.0,381,18,,2025-10-30 16:30:55.423,2025-10-30 16:33:15.977,2025-10-30,G03
GR20251030-33798-0001,33798,2025-10-30 16:28:03.000,2025-10-30 16:38:13.000,259.0,232,11,,2025-10-30 16:38:13.181,2025-10-30 16:38:13.181,2025-10-30,G03
GR20251030-30431-0012,30431,2025-10-30 16:34:53.000,2025-10-30 16:37:34.000,71.0,63,3,,2025-10-30 16:37:34.235,2025-10-30 16:37:34.235,2025-10-30,G03
GR20251030-33798-0002,33798,2025-10-30 16:40:04.000,2025-10-30 17:08:17.000,682.0,614,29,,2025-10-30 16:56:02.266,2025-10-30 17:08:17.537,2025-10-30,G03
GR20251030-30431-0013,30431,2025-10-30 16:44:20.000,2025-10-30 16:53:30.000,235.0,211,10,,2025-10-30 16:53:30.384,2025-10-30 16:53:30.384,2025-10-30,G03
GR20251030-30157-0015,30157,2025-10-30 16:45:17.000,2025-10-30 17:42:50.000,1363.0,1229,58,,2025-10-30 16:57:47.565,2025-10-30 17:42:49.509,2025-10-30,G03
GR20251030-27644-0017,27644,2025-10-30 16:48:05.000,2025-10-30 16:58:11.000,259.0,232,11,,2025-10-30 16:58:12.295,2025-10-30 16:58:12.295,2025-10-30,G03
GR20251030-30865-0003,30865,2025-10-30 16:50:32.000,2025-10-30 17:13:31.000,541.0,539,23,,2025-10-30 17:13:31.054,2025-10-30 17:13:31.054,2025-10-30,G01
GR20251030-24480-0001,24480,2025-10-30 16:51:05.000,2025-10-30 17:24:46.000,799.0,719,34,,2025-10-30 17:05:49.477,2025-10-30 17:24:47.112,2025-10-30,G03
GR20251030-33855-0010,33855,2025-10-30 17:00:46.000,2025-10-30 17:11:46.000,259.0,232,11,,2025-10-30 17:11:47.321,2025-10-30 17:11:47.321,2025-10-30,G03
GR20251030-26159-0003,26159,2025-10-30 17:01:55.000,2025-10-30 17:27:59.000,635.0,572,27,,2025-10-30 17:11:38.616,2025-10-30 17:27:59.060,2025-10-30,G03
GR20251030-27644-0018,27644,2025-10-30 17:03:54.000,2025-10-30 17:12:30.000,212.0,190,9,,2025-10-30 17:12:30.677,2025-10-30 17:12:30.677,2025-10-30,G03
GR20251030-31533-0001,31533,2025-10-30 17:13:27.000,2025-10-30 17:45:00.000,752.0,677,32,,2025-10-30 17:36:18.557,2025-10-30 17:45:00.014,2025-10-30,G03
GR20251030-33855-0011,33855,2025-10-30 17:14:35.000,2025-10-30 17:20:46.000,165.0,147,7,,2025-10-30 17:20:46.391,2025-10-30 17:20:46.391,2025-10-30,G03
GR20251030-32908-0001,32908,2025-10-30 17:15:07.000,2025-10-30 18:13:14.000,1387.0,1385,59,,2025-10-30 17:27:13.568,2025-10-30 18:13:13.535,2025-10-30,G01
GR20251030-27644-0019,27644,2025-10-30 17:16:30.000,2025-10-30 17:21:45.000,141.0,126,6,,2025-10-30 17:21:46.049,2025-10-30 17:21:46.049,2025-10-30,G03
GR20251030-33855-0012,33855,2025-10-30 17:24:10.000,2025-10-30 17:49:05.000,588.0,529,25,,2025-10-30 17:29:44.295,2025-10-30 17:49:05.695,2025-10-30,G03
GR20251030-24480-0002,24480,2025-10-30 17:29:14.000,2025-10-30 17:37:32.000,212.0,190,9,,2025-10-30 17:37:34.481,2025-10-30 17:37:34.481,2025-10-30,G03
GR20251030-30865-0004,30865,2025-10-30 17:30:27.000,2025-10-30 17:56:31.000,635.0,634,27,,2025-10-30 17:44:02.278,2025-10-30 17:56:30.904,2025-10-30,G01
GR20251030-27644-0020,27644,2025-10-30 17:32:21.000,2025-10-30 17:41:42.000,235.0,211,10,,2025-10-30 17:41:41.935,2025-10-30 17:41:41.935,2025-10-30,G03
GR20251030-31224-0001,31224,2025-10-30 17:33:46.000,2025-10-30 17:40:32.000,165.0,147,7,,2025-10-30 17:40:32.681,2025-10-30 17:40:32.681,2025-10-30,G03
GR20251030-27644-0021,27644,2025-10-30 17:44:00.000,2025-10-30 17:55:04.000,282.0,253,12,,2025-10-30 17:55:05.833,2025-10-30 17:55:05.833,2025-10-30,G03
GR20251030-30157-0016,30157,2025-10-30 17:44:09.000,2025-10-30 18:01:44.000,423.0,381,18,,2025-10-30 17:58:26.340,2025-10-30 18:01:43.640,2025-10-30,G03
GR20251030-26159-0004,26159,2025-10-30 17:44:21.000,2025-10-30 17:51:19.000,165.0,147,7,,2025-10-30 17:51:20.255,2025-10-30 17:51:20.255,2025-10-30,G03
GR20251030-31533-0002,31533,2025-10-30 17:45:07.000,2025-10-30 18:07:14.000,541.0,486,23,,2025-10-30 17:59:15.205,2025-10-30 18:07:13.707,2025-10-30,G03
GR20251030-31224-0002,31224,2025-10-30 17:48:54.000,2025-10-30 18:00:37.000,282.0,253,12,,2025-10-30 17:54:54.999,2025-10-30 18:00:36.503,2025-10-30,G03
GR20251030-24480-0003,24480,2025-10-30 17:51:22.000,2025-10-30 18:00:36.000,235.0,211,10,,2025-10-30 18:00:36.386,2025-10-30 18:00:36.386,2025-10-30,G03
GR20251030-32899-0001,32899,2025-10-30 17:53:35.000,2025-10-30 18:23:16.000,705.0,635,30,,2025-10-30 18:14:02.696,2025-10-30 18:23:16.391,2025-10-30,G03
GR20251030-33855-0013,33855,2025-10-30 17:54:09.000,2025-10-30 18:30:40.000,870.0,783,37,,2025-10-30 18:09:10.937,2025-10-30 18:30:40.421,2025-10-30,G03
GR20251030-33798-0003,33798,2025-10-30 17:55:14.000,2025-10-30 18:19:51.000,588.0,529,25,,2025-10-30 18:10:15.066,2025-10-30 18:19:52.035,2025-10-30,G03
GR20251030-30865-0005,30865,2025-10-30 17:56:19.000,2025-10-30 18:34:03.000,893.0,892,38,,2025-10-30 18:13:01.759,2025-10-30 18:34:02.672,2025-10-30,G01
GR20251030-26159-0005,26159,2025-10-30 17:56:53.000,2025-10-30 18:18:11.000,517.0,465,22,,2025-10-30 18:11:31.034,2025-10-30 18:18:11.745,2025-10-30,G03
GR20251030-27644-0022,27644,2025-10-30 17:57:12.000,2025-10-30 18:15:22.000,447.0,402,19,,2025-10-30 18:08:31.108,2025-10-30 18:15:21.938,2025-10-30,G03
GR20251030-33160-0005,33160,2025-10-30 17:58:06.000,2025-10-30 18:56:10.000,1387.0,1249,59,,2025-10-30 18:07:40.973,2025-10-30 18:56:10.292,2025-10-30,G03
GR20251030-24480-0004,24480,2025-10-30 18:02:40.000,2025-10-30 18:23:57.000,517.0,465,22,,2025-10-30 18:15:11.717,2025-10-30 18:23:57.879,2025-10-30,G03
GR20251030-30157-0017,30157,2025-10-30 18:03:07.000,2025-10-30 18:23:43.000,494.0,444,21,,2025-10-30 18:13:52.101,2025-10-30 18:23:43.117,2025-10-30,G03
GR20251030-32827-0001,32827,2025-10-30 18:04:02.000,2025-10-30 19:12:06.000,1622.0,1461,69,,2025-10-30 18:20:43.464,2025-10-30 19:12:06.989,2025-10-30,G03
GR20251030-31224-0003,31224,2025-10-30 18:07:35.000,2025-10-30 18:42:55.000,846.0,763,36,,2025-10-30 18:12:01.922,2025-10-30 18:42:54.491,2025-10-30,G03
GR20251030-31533-0003,31533,2025-10-30 18:08:24.000,2025-10-30 18:42:23.000,799.0,719,34,,2025-10-30 18:33:14.069,2025-10-30 18:42:22.846,2025-10-30,G03
GR20251030-32908-0002,32908,2025-10-30 18:14:18.000,2025-10-30 18:42:58.000,682.0,680,29,,2025-10-30 18:27:07.327,2025-10-30 18:42:58.037,2025-10-30,G01
GR20251030-27644-0023,27644,2025-10-30 18:18:18.000,2025-10-30 18:29:37.000,282.0,253,12,,2025-10-30 18:26:24.202,2025-10-30 18:29:38.144,2025-10-30,G03
GR20251030-33022-0010,33022,2025-10-30 18:18:27.000,2025-10-30 18:31:33.000,329.0,296,14,,2025-10-30 18:26:13.151,2025-10-30 18:31:32.723,2025-10-30,G03
GR20251030-26975-0001,26975,2025-10-30 18:18:43.000,2025-10-30 18:25:24.000,165.0,147,7,,2025-10-30 18:25:24.567,2025-10-30 18:25:24.567,2025-10-30,G03
GR20251030-30157-0018,30157,2025-10-30 18:24:07.000,2025-10-30 18:42:43.000,959.0,889,19,,2025-10-30 18:33:03.295,2025-10-30 18:42:43.844,2025-10-30,G03
GR20251030-26159-0006,26159,2025-10-30 18:25:48.000,2025-10-30 18:32:42.000,165.0,147,7,,2025-10-30 18:32:42.371,2025-10-30 18:32:42.371,2025-10-30,G03
GR20251030-26975-0002,26975,2025-10-30 18:27:00.000,2025-10-30 18:34:50.000,188.0,167,8,,2025-10-30 18:34:50.223,2025-10-30 18:34:50.223,2025-10-30,G03
GR20251030-33798-0004,33798,2025-10-30 18:30:11.000,2025-10-30 18:51:34.000,517.0,465,22,,2025-10-30 18:47:01.272,2025-10-30 18:51:34.860,2025-10-30,G03
GR20251030-24480-0005,24480,2025-10-30 18:31:14.000,2025-10-30 18:49:58.000,447.0,402,19,,2025-10-30 18:46:44.428,2025-10-30 18:49:59.462,2025-10-30,G03
GR20251030-27644-0024,27644,2025-10-30 18:31:29.000,2025-10-30 18:55:37.000,588.0,529,25,,2025-10-30 18:47:26.326,2025-10-30 18:55:37.461,2025-10-30,G03
GR20251030-32899-0002,32899,2025-10-30 18:33:49.000,2025-10-30 19:19:26.000,1081.0,975,46,,2025-10-30 18:50:13.589,2025-10-30 19:19:25.801,2025-10-30,G03
GR20251030-32151-0003,32151,2025-10-30 18:34:08.000,2025-10-30 18:58:12.000,588.0,529,25,,2025-10-30 18:50:10.882,2025-10-30 18:58:13.107,2025-10-30,G03
GR20251030-30865-0006,30865,2025-10-30 18:37:23.000,2025-10-30 19:39:05.000,1457.0,1456,62,,2025-10-30 18:47:58.076,2025-10-30 19:39:04.996,2025-10-30,G01
GR20251030-33022-0011,33022,2025-10-30 18:38:33.000,2025-10-30 18:56:35.000,447.0,402,19,,2025-10-30 18:49:55.704,2025-10-30 18:56:35.241,2025-10-30,G03
GR20251030-30157-0019,30157,2025-10-30 18:43:10.000,2025-10-30 19:51:15.000,0.0,0,69,,2025-10-30 18:57:55.086,2025-10-30 19:51:15.295,2025-10-30,G03
GR20251030-26159-0007,26159,2025-10-30 18:43:14.000,2025-10-30 18:49:00.000,141.0,126,6,,2025-10-30 18:49:01.788,2025-10-30 18:49:01.788,2025-10-30,G03
GR20251030-26975-0003,26975,2025-10-30 18:43:24.000,2025-10-30 18:51:48.000,212.0,190,9,,2025-10-30 18:51:48.331,2025-10-30 18:51:48.331,2025-10-30,G03
GR20251030-32908-0003,32908,2025-10-30 18:44:02.000,2025-10-30 18:57:19.000,329.0,328,14,,2025-10-30 18:57:19.727,2025-10-30 18:57:19.727,2025-10-30,G01
GR20251030-31224-0004,31224,2025-10-30 18:45:31.000,2025-10-30 18:53:48.000,212.0,190,9,,2025-10-30 18:53:49.322,2025-10-30 18:53:49.322,2025-10-30,G03
GR20251030-33855-0014,33855,2025-10-30 18:48:46.000,2025-10-30 19:05:46.000,400.0,359,17,,2025-10-30 18:59:34.170,2025-10-30 19:05:45.352,2025-10-30,G03
GR20251030-26159-0008,26159,2025-10-30 18:51:07.000,2025-10-30 18:55:53.000,118.0,104,5,,2025-10-30 18:55:53.827,2025-10-30 18:55:53.827,2025-10-30,G03
GR20251030-24480-0006,24480,2025-10-30 18:52:56.000,2025-10-30 19:12:40.000,470.0,423,20,,2025-10-30 19:05:12.155,2025-10-30 19:12:41.978,2025-10-30,G03
GR20251030-33798-0005,33798,2025-10-30 18:53:33.000,2025-10-30 19:16:24.000,541.0,486,23,,2025-10-30 19:10:17.466,2025-10-30 19:16:23.883,2025-10-30,G03
GR20251030-29473-0010,29473,2025-10-30 18:53:41.000,2025-10-30 19:08:43.000,376.0,337,16,,2025-10-30 19:08:45.177,2025-10-30 19:08:45.177,2025-10-30,G03
GR20251030-33022-0012,33022,2025-10-30 18:57:57.000,2025-10-30 19:34:59.000,893.0,805,38,,2025-10-30 19:22:36.426,2025-10-30 19:34:59.222,2025-10-30,G03
GR20251030-31224-0005,31224,2025-10-30 19:00:04.000,2025-10-30 19:16:34.000,400.0,359,17,,2025-10-30 19:11:31.764,2025-10-30 19:16:34.679,2025-10-30,G03
GR20251030-33160-0006,33160,2025-10-30 19:00:28.000,2025-10-30 19:03:54.000,94.0,83,4,,2025-10-30 19:03:55.941,2025-10-30 19:03:55.941,2025-10-30,G03
GR20251030-26159-0009,26159,2025-10-30 19:02:25.000,2025-10-30 19:16:15.000,329.0,296,14,,2025-10-30 19:08:30.246,2025-10-30 19:16:15.056,2025-10-30,G03
GR20251030-32151-0004,32151,2025-10-30 19:02:49.000,2025-10-30 19:15:02.000,306.0,274,13,,2025-10-30 19:15:03.959,2025-10-30 19:15:03.959,2025-10-30,G03
GR20251030-33160-0007,33160,2025-10-30 19:07:00.000,2025-10-30 19:11:28.000,118.0,104,5,,2025-10-30 19:11:29.040,2025-10-30 19:11:29.040,2025-10-30,G03
GR20251030-29473-0011,29473,2025-10-30 19:09:30.000,2025-10-30 19:20:13.000,259.0,232,11,,2025-10-30 19:20:14.643,2025-10-30 19:20:14.643,2025-10-30,G03
GR20251030-26975-0004,26975,2025-10-30 19:09:49.000,2025-10-30 19:19:05.000,235.0,211,10,,2025-10-30 19:19:07.142,2025-10-30 19:19:07.142,2025-10-30,G03
GR20251030-27644-0025,27644,2025-10-30 19:09:57.000,2025-10-30 19:24:56.000,353.0,316,15,,2025-10-30 19:21:23.909,2025-10-30 19:24:56.388,2025-10-30,G03
GR20251030-33160-0008,33160,2025-10-30 19:14:13.000,2025-10-30 19:30:02.000,376.0,337,16,,2025-10-30 19:22:29.731,2025-10-30 19:30:03.445,2025-10-30,G03
GR20251030-31224-0006,31224,2025-10-30 19:17:41.000,2025-10-30 19:22:28.000,118.0,104,5,,2025-10-30 19:22:29.005,2025-10-30 19:22:29.005,2025-10-30,G03
GR20251030-32827-0002,32827,2025-10-30 19:19:12.000,2025-10-30 19:43:18.000,588.0,529,25,,2025-10-30 19:36:49.460,2025-10-30 19:43:18.065,2025-10-30,G03
GR20251030-24480-0007,24480,2025-10-30 19:19:14.000,2025-10-30 19:36:53.000,423.0,381,18,,2025-10-30 19:31:19.385,2025-10-30 19:36:53.575,2025-10-30,G03
GR20251030-26159-0010,26159,2025-10-30 19:20:11.000,2025-10-30 19:29:16.000,235.0,211,10,,2025-10-30 19:29:15.744,2025-10-30 19:29:15.744,2025-10-30,G03
GR20251030-32151-0005,32151,2025-10-30 19:21:35.000,2025-10-30 19:32:29.000,259.0,232,11,,2025-10-30 19:32:30.477,2025-10-30 19:32:30.477,2025-10-30,G03
GR20251030-33855-0015,33855,2025-10-30 19:24:04.000,2025-10-30 19:30:06.000,165.0,147,7,,2025-10-30 19:30:06.754,2025-10-30 19:30:06.754,2025-10-30,G03
GR20251030-33798-0006,33798,2025-10-30 19:26:09.000,2025-10-30 19:37:46.000,282.0,253,12,,2025-10-30 19:37:47.458,2025-10-30 19:37:47.458,2025-10-30,G03
GR20251030-32899-0003,32899,2025-10-30 19:26:22.000,2025-10-30 20:18:40.000,1246.0,1123,53,,2025-10-30 19:37:50.305,2025-10-30 20:18:39.840,2025-10-30,G03
GR20251030-27644-0026,27644,2025-10-30 19:26:53.000,2025-10-30 19:51:48.000,1261.0,1180,25,,2025-10-30 19:36:56.855,2025-10-30 19:51:48.277,2025-10-30,G03
GR20251030-26159-0011,26159,2025-10-30 19:30:33.000,2025-10-30 19:37:01.000,165.0,147,7,,2025-10-30 19:37:01.667,2025-10-30 19:37:01.667,2025-10-30,G03
GR20251030-29473-0012,29473,2025-10-30 19:34:26.000,2025-10-30 19:43:12.000,212.0,190,9,,2025-10-30 19:43:11.919,2025-10-30 19:43:11.919,2025-10-30,G03
GR20251030-32151-0006,32151,2025-10-30 19:39:24.000,2025-10-30 19:50:17.000,259.0,232,11,,2025-10-30 19:50:17.775,2025-10-30 19:50:17.775,2025-10-30,G03
GR20251030-33798-0007,33798,2025-10-30 19:40:37.000,2025-10-30 19:58:01.000,423.0,381,18,,2025-10-30 19:50:52.905,2025-10-30 19:58:02.215,2025-10-30,G03
GR20251030-30865-0007,30865,2025-10-30 19:41:02.000,2025-10-30 19:51:30.000,259.0,257,11,,2025-10-30 19:51:30.101,2025-10-30 19:51:30.101,2025-10-30,G01
GR20251030-24480-0008,24480,2025-10-30 19:43:34.000,2025-10-30 19:53:33.000,235.0,211,10,,2025-10-30 19:53:34.077,2025-10-30 19:53:34.077,2025-10-30,G03
GR20251030-26159-0012,26159,2025-10-30 19:46:20.000,2025-10-30 19:51:55.000,141.0,126,6,,2025-10-30 19:51:55.290,2025-10-30 19:51:55.290,2025-10-30,G03
GR20251030-29473-0013,29473,2025-10-30 19:49:35.000,2025-10-30 20:01:45.000,306.0,274,13,,2025-10-30 20:01:47.103,2025-10-30 20:01:47.103,2025-10-30,G03
GR20251030-33022-0013,33022,2025-10-30 19:51:49.000,2025-10-30 19:55:08.000,94.0,83,4,,2025-10-30 19:55:09.787,2025-10-30 19:55:09.787,2025-10-30,G03
GR20251030-27644-0027,27644,2025-10-30 19:52:43.000,2025-10-30 20:07:00.000,0.0,0,15,,2025-10-30 20:07:01.720,2025-10-30 20:07:01.720,2025-10-30,G03
GR20251030-24480-0009,24480,2025-10-30 19:55:17.000,2025-10-30 20:10:51.000,376.0,337,16,,2025-10-30 20:05:06.069,2025-10-30 20:10:51.560,2025-10-30,G03
GR20251030-33022-0014,33022,2025-10-30 19:55:57.000,2025-10-30 20:04:20.000,212.0,190,9,,2025-10-30 20:04:20.923,2025-10-30 20:04:20.923,2025-10-30,G03
GR20251030-26159-0013,26159,2025-10-30 19:57:15.000,2025-10-30 20:00:06.000,71.0,63,3,,2025-10-30 20:00:07.322,2025-10-30 20:00:07.322,2025-10-30,G03
GR20251030-30157-0020,30157,2025-10-30 19:58:02.000,2025-10-30 20:05:07.000,0.0,0,8,,2025-10-30 20:05:08.781,2025-10-30 20:05:08.781,2025-10-30,G03
GR20251030-32908-0004,32908,2025-10-30 19:59:56.000,2025-10-30 20:15:56.000,376.0,374,16,,2025-10-30 20:04:50.911,2025-10-30 20:15:55.740,2025-10-30,G01
GR20251030-32151-0007,32151,2025-10-30 20:02:14.000,2025-10-30 20:23:33.000,517.0,465,22,,2025-10-30 20:12:25.393,2025-10-30 20:23:32.323,2025-10-30,G03
GR20251030-26159-0014,26159,2025-10-30 20:04:08.000,2025-10-30 20:30:43.000,635.0,572,27,,2025-10-30 20:07:58.641,2025-10-30 20:30:44.346,2025-10-30,G03
GR20251030-30157-0021,30157,2025-10-30 20:06:25.000,2025-10-30 20:11:21.000,0.0,0,5,,2025-10-30 20:11:21.233,2025-10-30 20:11:21.233,2025-10-30,G03
GR20251030-33855-0016,33855,2025-10-30 20:08:12.000,2025-10-30 20:38:16.000,729.0,656,31,,2025-10-30 20:23:39.693,2025-10-30 20:38:15.808,2025-10-30,G03
GR20251030-33160-0009,33160,2025-10-30 20:08:13.000,2025-10-30 20:23:15.000,376.0,337,16,,2025-10-30 20:15:43.448,2025-10-30 20:23:15.436,2025-10-30,G03
GR20251030-32827-0003,32827,2025-10-30 20:08:38.000,2025-10-30 20:33:16.000,588.0,529,25,,2025-10-30 20:19:11.323,2025-10-30 20:33:16.146,2025-10-30,G03
GR20251030-30865-0008,30865,2025-10-30 20:10:21.000,2025-10-30 20:19:41.000,235.0,233,10,,2025-10-30 20:19:41.576,2025-10-30 20:19:40.988,2025-10-30,G01
GR20251030-30157-0022,30157,2025-10-30 20:11:24.000,2025-10-30 20:34:25.000,0.0,0,24,,2025-10-30 20:18:23.694,2025-10-30 20:34:25.864,2025-10-30,G03
GR20251030-27644-0028,27644,2025-10-30 20:12:24.000,2025-10-30 20:28:27.000,0.0,0,17,,2025-10-30 20:24:53.969,2025-10-30 20:28:27.907,2025-10-30,G03
GR20251030-24480-0010,24480,2025-10-30 20:16:32.000,2025-10-30 20:30:36.000,353.0,316,15,,2025-10-30 20:25:41.245,2025-10-30 20:30:35.598,2025-10-30,G03
GR20251030-29473-0014,29473,2025-10-30 20:18:46.000,2025-10-30 20:28:47.000,259.0,232,11,,2025-10-30 20:28:47.384,2025-10-30 20:28:47.384,2025-10-30,G03
GR20251030-30865-0009,30865,2025-10-30 20:21:28.000,2025-10-30 20:21:36.000,24.0,22,1,,2025-10-30 20:21:36.543,2025-10-30 20:21:36.543,2025-10-30,G01
GR20251030-30865-0010,30865,2025-10-30 20:21:33.000,2025-10-30 21:26:25.000,1528.0,1526,65,,2025-10-30 20:36:57.720,2025-10-30 21:26:24.585,2025-10-30,G01
GR20251030-32899-0004,32899,2025-10-30 20:24:46.000,2025-10-30 21:13:20.000,1152.0,1038,49,,2025-10-30 20:48:49.843,2025-10-30 21:13:20.382,2025-10-30,G03
GR20251030-32671-0001,32671,2025-10-30 20:24:50.000,2025-10-30 20:31:08.000,165.0,147,7,,2025-10-30 20:31:10.018,2025-10-30 20:31:10.018,2025-10-30,G03
GR20251030-33160-0010,33160,2025-10-30 20:29:37.000,2025-10-30 20:37:31.000,188.0,167,8,,2025-10-30 20:37:31.566,2025-10-30 20:37:31.566,2025-10-30,G03
GR20251030-24480-0011,24480,2025-10-30 20:31:25.000,2025-10-30 20:46:16.000,353.0,316,15,,2025-10-30 20:46:16.194,2025-10-30 20:46:16.194,2025-10-30,G03
GR20251030-26159-0015,26159,2025-10-30 20:32:57.000,2025-10-30 20:47:15.000,353.0,316,15,,2025-10-30 20:40:52.589,2025-10-30 20:47:15.481,2025-10-30,G03
GR20251030-26975-0005,26975,2025-10-30 20:33:11.000,2025-10-30 20:40:59.000,188.0,167,8,,2025-10-30 20:40:59.460,2025-10-30 20:40:59.460,2025-10-30,G03
GR20251030-32671-0002,32671,2025-10-30 20:33:33.000,2025-10-30 20:43:36.000,259.0,232,11,,2025-10-30 20:43:36.307,2025-10-30 20:43:36.307,2025-10-30,G03
GR20251030-27644-0029,27644,2025-10-30 20:33:58.000,2025-10-30 20:49:01.000,0.0,0,16,,2025-10-30 20:44:13.082,2025-10-30 20:49:02.146,2025-10-30,G03
GR20251030-30157-0023,30157,2025-10-30 20:37:03.000,2025-10-30 20:49:46.000,0.0,0,13,,2025-10-30 20:49:47.808,2025-10-30 20:49:47.808,2025-10-30,G03
GR20251030-29473-0015,29473,2025-10-30 20:43:28.000,2025-10-30 20:55:54.000,306.0,274,13,,2025-10-30 20:55:55.884,2025-10-30 20:55:55.884,2025-10-30,G03
GR20251030-33798-0008,33798,2025-10-30 20:45:53.000,2025-10-30 21:14:19.000,682.0,614,29,,2025-10-30 21:00:16.187,2025-10-30 21:14:19.497,2025-10-30,G03
GR20251030-32671-0003,32671,2025-10-30 20:45:58.000,2025-10-30 20:53:34.000,188.0,167,8,,2025-10-30 20:53:36.422,2025-10-30 20:53:36.422,2025-10-30,G03
GR20251030-27644-0030,27644,2025-10-30 20:51:17.000,2025-10-30 20:59:31.000,0.0,0,9,,2025-10-30 20:59:32.516,2025-10-30 20:59:32.516,2025-10-30,G03
GR20251030-24480-0012,24480,2025-10-30 20:53:25.000,2025-10-30 21:04:29.000,282.0,253,12,,2025-10-30 21:04:30.386,2025-10-30 21:04:30.386,2025-10-30,G03
GR20251030-26159-0016,26159,2025-10-30 20:53:33.000,2025-10-30 21:02:49.000,235.0,211,10,,2025-10-30 21:02:49.757,2025-10-30 21:02:49.757,2025-10-30,G03
GR20251030-32671-0004,32671,2025-10-30 20:56:43.000,2025-10-30 21:07:40.000,259.0,232,11,,2025-10-30 21:07:40.224,2025-10-30 21:07:40.224,2025-10-30,G03
GR20251030-30157-0024,30157,2025-10-30 21:01:04.000,2025-10-30 21:47:53.000,0.0,0,47,,2025-10-30 21:14:42.909,2025-10-30 21:47:57.585,2025-10-30,G03
GR20251030-33855-0017,33855,2025-10-30 21:02:51.000,2025-10-30 21:39:18.000,1193.0,1103,37,,2025-10-30 21:15:57.564,2025-10-30 21:39:18.895,2025-10-30,G03
GR20251030-26159-0017,26159,2025-10-30 21:08:28.000,2025-10-30 21:39:02.000,729.0,656,31,,2025-10-30 21:08:50.242,2025-10-30 21:39:02.201,2025-10-30,G03
GR20251030-32671-0005,32671,2025-10-30 21:10:35.000,2025-10-30 21:23:03.000,306.0,274,13,,2025-10-30 21:23:04.448,2025-10-30 21:23:04.448,2025-10-30,G03
GR20251030-32671-0006,32671,2025-10-30 21:28:07.000,2025-10-30 21:38:40.000,259.0,232,11,,2025-10-30 21:38:43.860,2025-10-30 21:38:43.860,2025-10-30,G03
GR20251030-33798-0009,33798,2025-10-30 21:33:18.000,2025-10-30 22:01:09.000,658.0,593,28,,2025-10-30 21:49:51.708,2025-10-30 22:01:11.950,2025-10-30,G03
GR20251030-33615-0001,33615,2025-10-30 21:34:32.000,2025-10-30 21:49:57.000,376.0,374,16,,2025-10-30 21:49:57.419,2025-10-30 21:49:57.419,2025-10-30,G01
GR20251030-24480-0013,24480,2025-10-30 21:36:45.000,2025-10-30 21:47:14.000,259.0,232,11,,2025-10-30 21:47:17.173,2025-10-30 21:47:17.173,2025-10-30,G03
GR20251030-31410-0001,31410,2025-10-30 21:43:00.000,2025-10-30 22:05:04.000,541.0,486,23,,2025-10-30 21:54:27.523,2025-10-30 22:05:04.518,2025-10-30,G03
GR20251030-26159-0018,26159,2025-10-30 21:44:32.000,2025-10-30 21:49:59.000,141.0,126,6,,2025-10-30 21:50:02.050,2025-10-30 21:50:02.050,2025-10-30,G03
GR20251030-30157-0025,30157,2025-10-30 21:47:58.000,2025-10-30 22:37:50.000,0.0,0,50,,2025-10-30 22:05:41.102,2025-10-30 22:37:50.991,2025-10-30,G03
GR20251030-24668-0001,24668,2025-10-30 21:52:50.000,2025-10-30 22:01:55.000,235.0,211,10,,2025-10-30 22:01:57.272,2025-10-30 22:01:57.272,2025-10-30,G03
GR20251030-32671-0007,32671,2025-10-30 21:53:01.000,2025-10-30 22:17:37.000,588.0,529,25,,2025-10-30 22:12:58.625,2025-10-30 22:17:37.430,2025-10-30,G03
GR20251030-33615-0002,33615,2025-10-30 21:54:52.000,2025-10-30 22:22:07.000,658.0,656,28,,2025-10-30 22:15:01.693,2025-10-30 22:22:06.398,2025-10-30,G01
GR20251030-33798-0010,33798,2025-10-30 22:03:31.000,2025-10-30 22:17:00.000,329.0,296,14,,2025-10-30 22:17:02.816,2025-10-30 22:17:02.816,2025-10-30,G03
GR20251030-26975-0006,26975,2025-10-30 22:05:58.000,2025-10-30 22:12:40.000,165.0,147,7,,2025-10-30 22:12:43.308,2025-10-30 22:12:43.308,2025-10-30,G03
GR20251030-32151-0008,32151,2025-10-30 22:06:18.000,2025-10-30 22:19:36.000,329.0,296,14,,2025-10-30 22:19:37.835,2025-10-30 22:19:37.835,2025-10-30,G03
GR20251030-31410-0002,31410,2025-10-30 22:16:28.000,2025-10-30 22:37:42.000,517.0,465,22,,2025-10-30 22:25:05.285,2025-10-30 22:37:42.970,2025-10-30,G03
GR20251030-33903-0001,33903,2025-10-30 22:18:20.000,2025-10-30 22:32:06.000,329.0,296,14,,2025-10-30 22:32:06.832,2025-10-30 22:32:06.832,2025-10-30,G03
GR20251030-26975-0007,26975,2025-10-30 22:21:03.000,2025-10-30 22:26:50.000,141.0,126,6,,2025-10-30 22:26:56.335,2025-10-30 22:26:56.335,2025-10-30,G03
GR20251030-33798-0011,33798,2025-10-30 22:22:33.000,2025-10-30 23:01:33.000,917.0,826,39,,2025-10-30 22:41:04.320,2025-10-30 23:01:34.316,2025-10-30,G03
GR20251030-26975-0008,26975,2025-10-30 22:36:19.000,2025-10-30 22:48:17.000,282.0,253,12,,2025-10-30 22:48:19.951,2025-10-30 22:48:19.951,2025-10-30,G03
GR20251030-30157-0026,30157,2025-10-30 22:38:18.000,2025-10-30 22:54:17.000,0.0,0,16,,2025-10-30 22:48:11.698,2025-10-30 22:54:17.209,2025-10-30,G03
GR20251030-31410-0003,31410,2025-10-30 22:45:17.000,2025-10-30 22:55:53.000,259.0,232,11,,2025-10-30 22:55:57.706,2025-10-30 22:55:57.706,2025-10-30,G03
GR20251030-33340-0001,33340,2025-10-30 22:50:36.000,2025-10-30 23:19:51.000,705.0,704,30,,2025-10-30 23:03:48.618,2025-10-30 23:19:53.011,2025-10-30,G01
GR20251030-33903-0002,33903,2025-10-30 22:59:51.000,2025-10-30 23:18:45.000,447.0,402,19,,2025-10-30 23:18:48.855,2025-10-30 23:18:48.855,2025-10-30,G03
GR20251030-26975-0009,26975,2025-10-30 22:59:53.000,2025-10-30 23:14:09.000,353.0,316,15,,2025-10-30 23:09:26.783,2025-10-30 23:14:09.655,2025-10-30,G03
GR20251030-30157-0027,30157,2025-10-30 23:00:59.000,2025-10-30 23:21:43.000,0.0,0,21,,2025-10-30 23:15:09.099,2025-10-30 23:21:43.130,2025-10-30,G03
GR20251030-31410-0004,31410,2025-10-30 23:13:12.000,2025-10-30 23:38:29.000,611.0,549,26,,2025-10-30 23:23:10.601,2025-10-30 23:38:29.688,2025-10-30,G03
GR20251030-33798-0012,33798,2025-10-30 23:18:54.000,2025-10-30 23:40:16.000,517.0,465,22,,2025-10-30 23:40:17.718,2025-10-30 23:40:17.718,2025-10-30,G03
GR20251030-26975-0010,26975,2025-10-30 23:23:13.000,2025-10-30 23:30:03.000,165.0,147,7,,2025-10-30 23:30:06.709,2025-10-30 23:30:06.709,2025-10-30,G03
GR20251030-33903-0003,33903,2025-10-30 23:30:02.000,2025-10-30 23:41:25.000,282.0,253,12,,2025-10-30 23:41:26.589,2025-10-30 23:41:26.589,2025-10-30,G03
GR20251030-33903-0004,33903,2025-10-30 23:43:11.000,2025-10-30 23:55:29.000,306.0,274,13,,2025-10-30 23:55:31.404,2025-10-30 23:55:31.404,2025-10-30,G03
GR20251030-33340-0002,33340,2025-10-30 23:43:20.000,2025-10-30 23:56:49.000,329.0,328,14,,2025-10-30 23:56:49.442,2025-10-30 23:56:48.872,2025-10-30,G01
GR20251030-24668-0002,24668,2025-10-30 23:44:48.000,2025-10-30 23:54:09.000,235.0,211,10,,2025-10-30 23:54:11.492,2025-10-30 23:54:11.492,2025-10-30,G03
GR20251030-33798-0013,33798,2025-10-30 23:55:04.000,2025-10-31 00:18:22.000,564.0,507,24,,2025-10-31 00:03:24.567,2025-10-31 00:18:22.831,2025-10-30,G03
GR20251030-26975-0011,26975,2025-10-30 23:56:06.000,2025-10-31 00:02:51.000,165.0,147,7,,2025-10-31 00:02:51.722,2025-10-31 00:02:51.722,2025-10-30,G03
GR20251030-33903-0005,33903,2025-10-30 23:59:40.000,2025-10-31 00:05:26.000,141.0,126,6,,2025-10-31 00:05:27.687,2025-10-31 00:05:27.687,2025-10-30,G03
GR20251030-33906-0764,33906,2025-10-30 23:59:57.800,2025-10-31 13:14:42.037,7966.0,7966,794,,2025-10-31 13:14:42.037,2025-10-31 13:14:42.037,2025-10-30,G01
GR20251030-33340-0003,33340,2025-10-31 00:10:37.000,2025-10-31 00:26:08.000,376.0,374,16,,2025-10-31 00:26:08.293,2025-10-31 00:26:08.293,2025-10-30,G01
GR20251030-26975-0012,26975,2025-10-31 00:11:49.000,2025-10-31 00:17:28.000,141.0,126,6,,2025-10-31 00:17:30.315,2025-10-31 00:17:30.315,2025-10-30,G03
GR20251030-26159-0019,26159,2025-10-31 00:24:28.000,2025-10-31 00:27:51.000,94.0,83,4,,2025-10-31 00:27:51.055,2025-10-31 00:27:51.055,2025-10-30,G03
GR20251030-26975-0013,26975,2025-10-31 00:25:14.000,2025-10-31 00:29:43.000,118.0,104,5,,2025-10-31 00:29:45.655,2025-10-31 00:29:45.655,2025-10-30,G03
GR20251030-33798-0014,33798,2025-10-31 00:28:26.000,2025-10-31 00:58:47.000,1007.0,927,31,,2025-10-31 00:37:20.349,2025-10-31 00:58:47.521,2025-10-30,G03
GR20251030-26975-0014,26975,2025-10-31 00:31:40.000,2025-10-31 00:38:01.000,165.0,147,7,,2025-10-31 00:38:03.271,2025-10-31 00:38:03.271,2025-10-30,G03
GR20251030-26975-0015,26975,2025-10-31 00:47:17.000,2025-10-31 00:56:56.000,235.0,211,10,,2025-10-31 00:56:57.169,2025-10-31 00:56:57.169,2025-10-30,G03
GR20251030-26975-0016,26975,2025-10-31 01:19:05.000,2025-10-31 01:31:42.000,306.0,274,13,,2025-10-31 01:31:43.549,2025-10-31 01:31:43.549,2025-10-30,G03
GR20251030-33798-0015,33798,2025-10-31 01:21:24.000,2025-10-31 01:29:34.000,0.0,0,9,,2025-10-31 01:29:36.489,2025-10-31 01:29:36.489,2025-10-30,G03
GR20251030-26975-0017,26975,2025-10-31 05:27:25.000,2025-10-31 05:39:30.000,306.0,274,13,,2025-10-31 05:39:33.222,2025-10-31 05:39:33.222,2025-10-30,G03
GR20251030-26975-0018,26975,2025-10-31 05:54:50.000,2025-10-31 06:00:55.000,165.0,147,7,,2025-10-31 06:00:57.525,2025-10-31 06:00:57.525,2025-10-30,G03
